INSERT INTO books (id, title) VALUES (1, 'Code Complete (2nd Ed)');
INSERT INTO books (id, title) VALUES (2, 'The Pragmatic Programmer');
INSERT INTO books (id, title) VALUES (3, 'Structure and Interpretation of Computer Programs');
INSERT INTO books (id, title) VALUES (4, 'The C Programming Language');
INSERT INTO books (id, title) VALUES (5, 'Introduction to Algorithms');
INSERT INTO books (id, title) VALUES (6, 'Refactoring: Improving the Design of Existing Code');
INSERT INTO books (id, title) VALUES (7, 'Design Patterns');
INSERT INTO books (id, title) VALUES (8, 'The Mythical Man-Month');
INSERT INTO books (id, title) VALUES (9, 'The Art of Computer Programming');
INSERT INTO books (id, title) VALUES (10, 'Compilers: Principles, Techniques, and Tools');

INSERT INTO authors (id, name) VALUES (1, 'Steve McConnell');
INSERT INTO authors (id, name) VALUES (2, 'Andrew Hunt');
INSERT INTO authors (id, name) VALUES (3, 'David Thomas');
INSERT INTO authors (id, name) VALUES (4, 'Harold Abelson');
INSERT INTO authors (id, name) VALUES (5, 'Gerald Jay Sussman');
INSERT INTO authors (id, name) VALUES (6, 'Julie Sussman');
INSERT INTO authors (id, name) VALUES (7, 'Brian W. Kernighan');
INSERT INTO authors (id, name) VALUES (8, 'Dennis M. Ritchie');
INSERT INTO authors (id, name) VALUES (9, 'Thomas H. Cormen');
INSERT INTO authors (id, name) VALUES (10, 'Charles E. Leiserson');
INSERT INTO authors (id, name) VALUES (11, 'Ronald L. Rivest');
INSERT INTO authors (id, name) VALUES (12, 'Clifford Stein');
INSERT INTO authors (id, name) VALUES (13, 'Martin Fowler');
INSERT INTO authors (id, name) VALUES (14, 'Kent Beck');
INSERT INTO authors (id, name) VALUES (15, 'John Brant');
INSERT INTO authors (id, name) VALUES (16, 'William Opdyke');
INSERT INTO authors (id, name) VALUES (17, 'Don Roberts');
INSERT INTO authors (id, name) VALUES (18, 'Erich Gamma');
INSERT INTO authors (id, name) VALUES (19, 'Richard Helm');
INSERT INTO authors (id, name) VALUES (20, 'Ralph Johnson');
INSERT INTO authors (id, name) VALUES (21, 'John Vlissides');
INSERT INTO authors (id, name) VALUES (22, 'Fredrick P. Brooks');
INSERT INTO authors (id, name) VALUES (23, 'Donald E. Knuth');
INSERT INTO authors (id, name) VALUES (24, 'Alfred V. Aho');
INSERT INTO authors (id, name) VALUES (25, 'Monica S. Lam');
INSERT INTO authors (id, name) VALUES (26, 'Ravi Sethi');
INSERT INTO authors (id, name) VALUES (27, 'Jeffrey D. Ullman');

INSERT INTO books_authors (book_id, author_id) VALUES (1, 1);
INSERT INTO books_authors (book_id, author_id) VALUES (2, 2);
INSERT INTO books_authors (book_id, author_id) VALUES (2, 3);
INSERT INTO books_authors (book_id, author_id) VALUES (3, 4);
INSERT INTO books_authors (book_id, author_id) VALUES (3, 5);
INSERT INTO books_authors (book_id, author_id) VALUES (3, 6);
INSERT INTO books_authors (book_id, author_id) VALUES (4, 7);
INSERT INTO books_authors (book_id, author_id) VALUES (4, 8);
INSERT INTO books_authors (book_id, author_id) VALUES (5, 9);
INSERT INTO books_authors (book_id, author_id) VALUES (5, 10);
INSERT INTO books_authors (book_id, author_id) VALUES (5, 11);
INSERT INTO books_authors (book_id, author_id) VALUES (5, 12);
INSERT INTO books_authors (book_id, author_id) VALUES (6, 13);
INSERT INTO books_authors (book_id, author_id) VALUES (6, 14);
INSERT INTO books_authors (book_id, author_id) VALUES (6, 15);
INSERT INTO books_authors (book_id, author_id) VALUES (6, 16);
INSERT INTO books_authors (book_id, author_id) VALUES (6, 17);
INSERT INTO books_authors (book_id, author_id) VALUES (7, 18);
INSERT INTO books_authors (book_id, author_id) VALUES (7, 19);
INSERT INTO books_authors (book_id, author_id) VALUES (7, 20);
INSERT INTO books_authors (book_id, author_id) VALUES (7, 21);
INSERT INTO books_authors (book_id, author_id) VALUES (8, 22);
INSERT INTO books_authors (book_id, author_id) VALUES (9, 23);
INSERT INTO books_authors (book_id, author_id) VALUES (10, 24);
INSERT INTO books_authors (book_id, author_id) VALUES (10, 25);
INSERT INTO books_authors (book_id, author_id) VALUES (10, 26);
INSERT INTO books_authors (book_id, author_id) VALUES (10, 27);

INSERT INTO users (username, password) VALUES ('admin', 'default');